"at","message","url"
"http://localhost/vaasal_villa_hospitality_management_system28/public/admin/invoices/61","Failed to load resource: the server responded with a status of 404 (Not Found)","http://localhost/favicon.ico"
"/pos?outlet=1","Failed to load resource: the server responded with a status of 422 (Unprocessable Content)","http://localhost/vaasal_villa_hospitality_management_system28/public/pos/api/orders/85/pay"
"/pos/order/","Failed to load resource: the server responded with a status of 404 (Not Found)","http://localhost/vaasal_villa_hospitality_management_system28/public/pos/order"
"/pos/order/","Failed to load resource: the server responded with a status of 404 (Not Found)","http://localhost/vaasal_villa_hospitality_management_system28/public/pos/order"
"/pos/order//receipt","Failed to load resource: the server responded with a status of 404 (Not Found)","http://localhost/vaasal_villa_hospitality_management_system28/public/pos/order//receipt"
"/pos","Failed to load resource: the server responded with a status of 403 (Forbidden)","http://localhost/vaasal_villa_hospitality_management_system28/public/pos"
"/admin/bookings/99999999","Failed to load resource: the server responded with a status of 404 (Not Found)","http://localhost/vaasal_villa_hospitality_management_system28/public/admin/bookings/99999999"
"/pos?outlet=1","Failed to load resource: the server responded with a status of 404 (Not Found)","http://localhost/pos/api/tables?outlet=1"
"/pos/order/107/bill","Failed to load resource: the server responded with a status of 404 (Not Found)","http://localhost/favicon.ico"
"/pos?outlet=1","Failed to load resource: the server responded with a status of 401 (Unauthorized)","http://localhost/vaasal_villa_hospitality_management_system28/public/pos/api/tables?outlet=1"
