ID,Module,Test case,Expected,Actual,Status
"ENV-01","Environment","Database connection","Connects","MySQL/MariaDB 10.4.32-MariaDB","PASS"
"ENV-02","Environment","All migrations applied","0 pending","15 ran, 0 pending","PASS"
"ENV-03","Environment","Home page over Apache","200","200 1.313084s","PASS"
"ENV-04","Environment","CSS, JS, logo and icon assets","All 200","11 assets 200","PASS"
"ENV-05","Environment","Uploads served through public/storage (junction)","200","200","PASS"
"ENV-06","Environment","Website photos (Unsplash CDN stand-ins)","200","200 https://images.unsplash.com/photo-1582719508461-905c673771fd?auto=format&fit=crop&w=1800&q=70","PASS"
"ENV-07","Environment","Dish photos (Unsplash CDN stand-ins)","All load","24/24 load","PASS"
"ENV-08","Environment","Hero background video","Plays when configured","No video configured (site_hero_video empty) — nothing to load","BLOCKED"
"API-01","API","GET /api/v1/villa-types","200 JSON","200 {'data':[{'slug':'garden-villa','name':'Garden Villa','summary':'A quiet one-bedroom villa","PASS"
"API-02","API","GET /api/v1/availability?arrival=2026-10-29&departure=2026-10-31&adults=2","200 JSON","200 {'arrival':'2026-10-29','departure':'2026-10-31','currency':'LKR','data':[{'slug':'garden-","PASS"
"API-03","API","GET /api/v1/offers","200 JSON","200 {'data':[{'title':'Stay 4, save 20%','summary':'Stay four nights or more and save 20% on y","PASS"
"API-04","API","GET /api/v1/currencies","200 JSON","200 {'base':'LKR','currencies':{'LKR':{'name':'Sri Lankan Rupee','symbol':'Rs','decimals':0},'","PASS"
"API-05","API","GET /weather","200 JSON","200 {'ok':true,'current':{'temp':28.6,'wind':20.8,'label':'Overcast','icon':'\u2601\ufe0f'},'d","PASS"
"API-06","API","GET /api/v1/quote without parameters","422 validation","422 {'message':'The type field is required. (and 2 more errors)','errors':{'type':['The type field is re","PASS"
"SEC-CSRF-01","Security","POST /login without CSRF token","419 Page expired","419","PASS"
"SES-01","Session","Cashier signs in; POS API call with the session cookie","200","login 302, API 200","PASS"
"SES-02","Session","POS API POST without X-CSRF-TOKEN","419","419 (CSRF enforced on the JSON API)","PASS"
"SES-03","Session","POS API after the session ended (expired / signed out elsewhere)","401 JSON","{'message':'Unauthenticated.'} HTTP401 — this is the 'Unauthenticated' message seen on the POS","PASS"
"SES-04","Session","Open POS page after the session ended","Redirect to sign-in","302 → /login","PASS"
"SES-05","Session","Session idle lifetime","Documented","SESSION_LIFETIME=30 minutes (database sessions); any idle browser tab older than this gets 401 on its next API call","PASS"
