methods,uri,name,action,auth,permission,throttle
GET,/,home,"Website\Http\Controllers\SiteController@home",public,,
GET,/about,site.about,"Website\Http\Controllers\SiteController@about",public,,
GET,/account/password,password.change,"Auth\Http\Controllers\PasswordController@changeForm",auth,,
POST,/account/password,password.change.update,"Auth\Http\Controllers\PasswordController@change",auth,,
GET,/account/profile,profile.edit,"Core\Http\Controllers\ProfileController@edit",auth,,
PUT,/account/profile,profile.update,"Core\Http\Controllers\ProfileController@update",auth,,
POST,/account/theme,preferences.theme,"Core\Http\Controllers\ProfileController@theme",auth,,
GET,/admin,admin.dashboard,"Reports\Http\Controllers\DashboardController@index",auth,dashboard.view,
GET,/admin/access/devices,admin.access.devices,"KeyCards\Http\Controllers\AccessControlController@devices",auth,keycards.manage,
POST,/admin/access/devices,admin.access.devices.store,"KeyCards\Http\Controllers\AccessControlController@storeDevice",auth,keycards.manage,
PUT,/admin/access/devices/{device},admin.access.devices.update,"KeyCards\Http\Controllers\AccessControlController@updateDevice",auth,keycards.manage,
POST,/admin/access/devices/{device}/token,admin.access.devices.token,"KeyCards\Http\Controllers\AccessControlController@rotateToken",auth,keycards.manage,
GET,/admin/access/simulator,admin.access.simulator,"KeyCards\Http\Controllers\AccessControlController@simulator",auth,keycards.manage,
POST,/admin/access/simulator,admin.access.simulate,"KeyCards\Http\Controllers\AccessControlController@simulate",auth,keycards.manage,"throttle:60,1"
GET,/admin/audit,admin.audit.index,"Core\Http\Controllers\AuditController@index",auth,audit.view,
GET,/admin/audit/logins,admin.audit.logins,"Core\Http\Controllers\AuditController@logins",auth,audit.view,
GET,/admin/bookings,admin.bookings.index,"Booking\Http\Controllers\BookingController@index",auth,bookings.view,
POST,/admin/bookings,admin.bookings.store,"Booking\Http\Controllers\BookingController@store",auth,"bookings.view & bookings.manage",
GET,/admin/bookings/create,admin.bookings.create,"Booking\Http\Controllers\BookingController@create",auth,"bookings.view & bookings.manage",
POST,/admin/bookings/quote,admin.bookings.quote,"Booking\Http\Controllers\BookingController@quote",auth,"bookings.view & bookings.manage",
GET,/admin/bookings/{booking},admin.bookings.show,"Booking\Http\Controllers\BookingController@show",auth,bookings.view,
POST,/admin/bookings/{booking}/cancel,admin.bookings.cancel,"Booking\Http\Controllers\BookingController@cancel",auth,"bookings.view & bookings.cancel",
POST,/admin/bookings/{booking}/confirm,admin.bookings.confirm,"Booking\Http\Controllers\BookingController@confirm",auth,"bookings.view & bookings.manage",
GET,/admin/bookings/{booking}/confirmation,admin.bookings.confirmation,"Booking\Http\Controllers\BookingController@confirmation",auth,bookings.view,
POST,/admin/bookings/{booking}/dates,admin.bookings.dates,"Booking\Http\Controllers\BookingController@changeDates",auth,"bookings.view & bookings.manage",
POST,/admin/bookings/{booking}/no-show,admin.bookings.no-show,"Booking\Http\Controllers\BookingController@noShow",auth,"bookings.view & bookings.manage",
POST,/admin/bookings/{booking}/notes,admin.bookings.notes,"Booking\Http\Controllers\BookingController@updateNotes",auth,"bookings.view & bookings.manage",
POST,/admin/bookings/{booking}/payment-link,admin.bookings.payment-link,"Booking\Http\Controllers\BookingController@paymentLink",auth,"bookings.view & bookings.manage",
POST,/admin/bookings/{booking}/proforma,admin.bookings.proforma,"Booking\Http\Controllers\BookingController@proforma",auth,"bookings.view & bookings.manage",
GET,/admin/bookings/{booking}/registration-card,admin.bookings.registration,"Booking\Http\Controllers\BookingController@registrationCard",auth,bookings.view,
POST,/admin/bookings/{booking}/send-confirmation,admin.bookings.send,"Booking\Http\Controllers\BookingController@sendConfirmation",auth,"bookings.view & bookings.manage",
POST,/admin/bookings/{booking}/stay-guests,admin.bookings.stay-guests,"Booking\Http\Controllers\BookingController@addStayGuest",auth,"bookings.view & bookings.manage",
DELETE,/admin/bookings/{booking}/stay-guests/{stayGuest},admin.bookings.stay-guests.destroy,"Booking\Http\Controllers\BookingController@removeStayGuest",auth,"bookings.view & bookings.manage",
POST,/admin/bookings/{booking}/villas/{bookingVilla}/move,admin.bookings.move,"Booking\Http\Controllers\BookingController@moveVilla",auth,"bookings.view & bookings.manage",
GET,/admin/bookings/{booking}/voucher,admin.bookings.voucher,"Booking\Http\Controllers\BookingController@voucher",auth,bookings.view,
GET,/admin/calendar,admin.calendar,"Booking\Http\Controllers\CalendarController@index",auth,calendar.view,
POST,/admin/calendar/blocks,admin.calendar.block,"Booking\Http\Controllers\CalendarController@block",auth,villas.manage|bookings.manage,
DELETE,/admin/calendar/blocks/{block},admin.calendar.unblock,"Booking\Http\Controllers\CalendarController@unblock",auth,villas.manage|bookings.manage,
GET,/admin/channels,admin.channels.index,"Channel\Http\Controllers\ChannelController@index",auth,channels.manage,
POST,/admin/channels/full-sync,admin.channels.full-sync,"Channel\Http\Controllers\ChannelController@fullSync",auth,channels.manage,
POST,/admin/channels/mappings,admin.channels.mappings.store,"Channel\Http\Controllers\ChannelController@storeMapping",auth,channels.manage,
DELETE,/admin/channels/mappings/{mapping},admin.channels.mappings.destroy,"Channel\Http\Controllers\ChannelController@destroyMapping",auth,channels.manage,
POST,/admin/channels/retry,admin.channels.retry,"Channel\Http\Controllers\ChannelController@retry",auth,channels.manage,
POST,/admin/channels/simulate,admin.channels.simulate,"Channel\Http\Controllers\ChannelController@simulate",auth,channels.manage,
PUT,/admin/channels/{channel},admin.channels.update,"Channel\Http\Controllers\ChannelController@update",auth,channels.manage,
GET,/admin/charge-items,admin.charge-items.index,"Billing\Http\Controllers\ChargeItemController@index",auth,folio.post,
POST,/admin/charge-items,admin.charge-items.store,"Billing\Http\Controllers\ChargeItemController@store",auth,folio.post,
GET,/admin/charge-items/create,admin.charge-items.create,"Billing\Http\Controllers\ChargeItemController@create",auth,folio.post,
PUT|PATCH,/admin/charge-items/{charge_item},admin.charge-items.update,"Billing\Http\Controllers\ChargeItemController@update",auth,folio.post,
GET,/admin/charge-items/{charge_item}/edit,admin.charge-items.edit,"Billing\Http\Controllers\ChargeItemController@edit",auth,folio.post,
GET,/admin/conflicts,admin.conflicts.index,"Booking\Http\Controllers\ConflictController@index",auth,conflicts.manage,
POST,/admin/conflicts/{conflict}/assign,admin.conflicts.assign,"Booking\Http\Controllers\ConflictController@assign",auth,conflicts.manage,
POST,/admin/conflicts/{conflict}/reject,admin.conflicts.reject,"Booking\Http\Controllers\ConflictController@reject",auth,conflicts.manage,
GET,/admin/enquiries,admin.enquiries.index,"Booking\Http\Controllers\EnquiryController@index",auth,bookings.view,
PUT,/admin/enquiries/{enquiry},admin.enquiries.update,"Booking\Http\Controllers\EnquiryController@update",auth,bookings.view,
POST,/admin/facilities,admin.facilities.store,"Villa\Http\Controllers\VillaTypeController@storeFacility",auth,villas.manage,
POST,/admin/folio-lines/{line}/reverse,admin.folios.reverse,"Billing\Http\Controllers\FolioController@reverse",auth,folio.adjust,
POST,/admin/folios/{folio}/charges,admin.folios.charge,"Billing\Http\Controllers\FolioController@postCharge",auth,folio.post,
POST,/admin/folios/{folio}/interim-invoice,admin.folios.interim,"Billing\Http\Controllers\FolioController@interimInvoice",auth,folio.post,
POST,/admin/folios/{folio}/payments,admin.folios.payment,"Billing\Http\Controllers\FolioController@payment",auth,payments.receive,
GET,/admin/folios/{folio}/print,admin.folios.print,"Billing\Http\Controllers\FolioController@print",auth,invoices.view|folio.post,
POST,/admin/folios/{folio}/refunds,admin.folios.refund,"Billing\Http\Controllers\FolioController@refund",auth,payments.refund,
GET,/admin/front-desk,admin.frontdesk.index,"FrontDesk\Http\Controllers\FrontDeskController@index",auth,frontdesk.checkin|frontdesk.checkout,
POST,/admin/front-desk/night-audit,admin.frontdesk.night-audit,"FrontDesk\Http\Controllers\FrontDeskController@nightAudit",auth,"frontdesk.checkin|frontdesk.checkout & frontdesk.night_audit",
GET,/admin/front-desk/walk-in,admin.frontdesk.walk-in,"FrontDesk\Http\Controllers\FrontDeskController@walkIn",auth,"frontdesk.checkin|frontdesk.checkout & bookings.manage",
GET,/admin/front-desk/{booking}/check-in,admin.frontdesk.checkin,"FrontDesk\Http\Controllers\FrontDeskController@checkInForm",auth,"frontdesk.checkin|frontdesk.checkout & frontdesk.checkin",
POST,/admin/front-desk/{booking}/check-in,admin.frontdesk.checkin.store,"FrontDesk\Http\Controllers\FrontDeskController@checkIn",auth,"frontdesk.checkin|frontdesk.checkout & frontdesk.checkin",
GET,/admin/front-desk/{booking}/check-out,admin.frontdesk.checkout,"FrontDesk\Http\Controllers\FrontDeskController@checkOutForm",auth,"frontdesk.checkin|frontdesk.checkout & frontdesk.checkout",
POST,/admin/front-desk/{booking}/check-out,admin.frontdesk.checkout.store,"FrontDesk\Http\Controllers\FrontDeskController@checkOut",auth,"frontdesk.checkin|frontdesk.checkout & frontdesk.checkout",
POST,/admin/front-desk/{booking}/restaurant-settlement,admin.frontdesk.restaurant-settlement,"FrontDesk\Http\Controllers\FrontDeskController@requestRestaurantSettlement",auth,"frontdesk.checkin|frontdesk.checkout & frontdesk.checkout","throttle:10,1"
GET,/admin/guests,admin.guests.index,"Booking\Http\Controllers\GuestController@index",auth,guests.view,
GET,/admin/guests/{guest},admin.guests.show,"Booking\Http\Controllers\GuestController@show",auth,guests.view,
PUT,/admin/guests/{guest},admin.guests.update,"Booking\Http\Controllers\GuestController@update",auth,"guests.view & guests.manage",
GET,/admin/guests/{guest}/edit,admin.guests.edit,"Booking\Http\Controllers\GuestController@edit",auth,"guests.view & guests.manage",
GET,/admin/guests/{guest}/id-document,admin.guests.id-document,"Booking\Http\Controllers\GuestController@idDocument",auth,"guests.view & guests.manage",
GET,/admin/housekeeping,admin.housekeeping.index,"Housekeeping\Http\Controllers\HousekeepingController@index",auth,housekeeping.view,
GET,/admin/housekeeping/checklists,admin.housekeeping.checklists,"Housekeeping\Http\Controllers\HousekeepingController@checklists",auth,housekeeping.manage,
POST,/admin/housekeeping/checklists,admin.housekeeping.checklists.save,"Housekeeping\Http\Controllers\HousekeepingController@saveChecklist",auth,housekeeping.manage,
GET,/admin/housekeeping/linen,admin.housekeeping.linen,"Housekeeping\Http\Controllers\HousekeepingController@linen",auth,housekeeping.manage,
POST,/admin/housekeeping/linen,admin.housekeeping.linen.save,"Housekeeping\Http\Controllers\HousekeepingController@saveLinen",auth,housekeeping.manage,
GET,/admin/housekeeping/my-tasks,admin.housekeeping.my,"Housekeeping\Http\Controllers\HousekeepingController@my",auth,housekeeping.work,
POST,/admin/housekeeping/stayovers,admin.housekeeping.stayovers,"Housekeeping\Http\Controllers\HousekeepingController@stayovers",auth,housekeeping.manage,
POST,/admin/housekeeping/tasks,admin.housekeeping.tasks.store,"Housekeeping\Http\Controllers\HousekeepingController@store",auth,housekeeping.manage,
GET,/admin/housekeeping/tasks/{task},admin.housekeeping.tasks.show,"Housekeeping\Http\Controllers\HousekeepingController@show",auth,housekeeping.view|housekeeping.work,
POST,/admin/housekeeping/tasks/{task}/accept,admin.housekeeping.tasks.accept,"Housekeeping\Http\Controllers\HousekeepingController@accept",auth,housekeeping.work|housekeeping.manage,
POST,/admin/housekeeping/tasks/{task}/approve,admin.housekeeping.tasks.approve,"Housekeeping\Http\Controllers\HousekeepingController@approve",auth,housekeeping.inspect,
POST,/admin/housekeeping/tasks/{task}/assign,admin.housekeeping.tasks.assign,"Housekeeping\Http\Controllers\HousekeepingController@assign",auth,housekeeping.manage,
POST,/admin/housekeeping/tasks/{task}/cancel,admin.housekeeping.tasks.cancel,"Housekeeping\Http\Controllers\HousekeepingController@cancel",auth,housekeeping.manage,
POST,/admin/housekeeping/tasks/{task}/items/{item},admin.housekeeping.tasks.toggle,"Housekeeping\Http\Controllers\HousekeepingController@toggle",auth,housekeeping.work|housekeeping.manage,
POST,/admin/housekeeping/tasks/{task}/pause,admin.housekeeping.tasks.pause,"Housekeeping\Http\Controllers\HousekeepingController@pause",auth,housekeeping.work|housekeeping.manage,
POST,/admin/housekeeping/tasks/{task}/reject,admin.housekeeping.tasks.reject,"Housekeeping\Http\Controllers\HousekeepingController@reject",auth,housekeeping.inspect,
POST,/admin/housekeeping/tasks/{task}/start,admin.housekeeping.tasks.start,"Housekeeping\Http\Controllers\HousekeepingController@start",auth,housekeeping.work|housekeeping.manage,
POST,/admin/housekeeping/tasks/{task}/submit,admin.housekeeping.tasks.submit,"Housekeeping\Http\Controllers\HousekeepingController@submit",auth,housekeeping.work|housekeeping.manage,
POST,/admin/housekeeping/villas/{villa}/status,admin.housekeeping.villa-status,"Housekeeping\Http\Controllers\HousekeepingController@setStatus",auth,housekeeping.manage,
GET,/admin/invoices,admin.invoices.index,"Billing\Http\Controllers\InvoiceController@index",auth,invoices.view,
GET,/admin/invoices/{invoice},admin.invoices.show,"Billing\Http\Controllers\InvoiceController@show",auth,invoices.view|folio.post,
POST,/admin/invoices/{invoice}/email,admin.invoices.email,"Billing\Http\Controllers\InvoiceController@email",auth,invoices.view,
GET,/admin/key-cards,admin.keycards.index,"KeyCards\Http\Controllers\KeyCardController@index",auth,keycards.view,
POST,/admin/key-cards,admin.keycards.store,"KeyCards\Http\Controllers\KeyCardController@store",auth,keycards.manage,
GET,/admin/key-cards/access-logs,admin.keycards.logs,"KeyCards\Http\Controllers\KeyCardController@logs",auth,keycards.view,
POST,/admin/key-cards/assignments/{assignment}/extend,admin.keycards.extend,"KeyCards\Http\Controllers\KeyCardController@extend",auth,keycards.issue,
POST,/admin/key-cards/assignments/{assignment}/revoke,admin.keycards.revoke,"KeyCards\Http\Controllers\KeyCardController@revoke",auth,keycards.issue,
POST,/admin/key-cards/issue/{booking},admin.keycards.issue,"KeyCards\Http\Controllers\KeyCardController@issue",auth,keycards.issue,
POST,/admin/key-cards/jobs/{job}/retry,admin.keycards.retry,"KeyCards\Http\Controllers\KeyCardController@retry",auth,keycards.issue,
GET,/admin/key-cards/lock-bridge,admin.keycards.bridge,"KeyCards\Http\Controllers\KeyCardController@bridge",auth,keycards.view,
POST,/admin/key-cards/lock-bridge/token,admin.keycards.bridge.token,"KeyCards\Http\Controllers\KeyCardController@rotateToken",auth,keycards.manage,
POST,/admin/key-cards/simulate-access,admin.keycards.simulate,"KeyCards\Http\Controllers\KeyCardController@simulateAccess",auth,keycards.manage,
POST,/admin/key-cards/staff-issue,admin.keycards.staff-issue,"KeyCards\Http\Controllers\KeyCardController@issueStaff",auth,keycards.manage,
GET,/admin/key-cards/{card},admin.keycards.show,"KeyCards\Http\Controllers\KeyCardController@show",auth,keycards.view,
POST,/admin/key-cards/{card}/block,admin.keycards.block,"KeyCards\Http\Controllers\KeyCardController@block",auth,keycards.manage,
POST,/admin/key-cards/{card}/lost,admin.keycards.lost,"KeyCards\Http\Controllers\KeyCardController@lost",auth,keycards.issue,
POST,/admin/key-cards/{card}/unblock,admin.keycards.unblock,"KeyCards\Http\Controllers\KeyCardController@unblock",auth,keycards.manage,
GET,/admin/lost-found,admin.lost-found.index,"Housekeeping\Http\Controllers\LostFoundController@index",auth,lostfound.manage,
POST,/admin/lost-found,admin.lost-found.store,"Housekeeping\Http\Controllers\LostFoundController@store",auth,lostfound.manage,
GET,/admin/lost-found/create,admin.lost-found.create,"Housekeeping\Http\Controllers\LostFoundController@create",auth,lostfound.manage,
PUT|PATCH,/admin/lost-found/{item},admin.lost-found.update,"Housekeeping\Http\Controllers\LostFoundController@update",auth,lostfound.manage,
GET,/admin/lost-found/{item}/edit,admin.lost-found.edit,"Housekeeping\Http\Controllers\LostFoundController@edit",auth,lostfound.manage,
GET,/admin/maintenance,admin.maintenance.index,"Maintenance\Http\Controllers\MaintenanceController@index",auth,maintenance.view|maintenance.report,
POST,/admin/maintenance,admin.maintenance.store,"Maintenance\Http\Controllers\MaintenanceController@store",auth,maintenance.report,
GET,/admin/maintenance/create,admin.maintenance.create,"Maintenance\Http\Controllers\MaintenanceController@create",auth,maintenance.report,
GET,/admin/maintenance/{ticket},admin.maintenance.show,"Maintenance\Http\Controllers\MaintenanceController@show",auth,maintenance.view|maintenance.report,
POST,/admin/maintenance/{ticket}/assign,admin.maintenance.assign,"Maintenance\Http\Controllers\MaintenanceController@assign",auth,maintenance.manage,
POST,/admin/maintenance/{ticket}/status,admin.maintenance.status,"Maintenance\Http\Controllers\MaintenanceController@status",auth,maintenance.manage,
DELETE,/admin/media/{media},admin.media.destroy,"Villa\Http\Controllers\VillaTypeController@deleteMedia",auth,villas.manage,
POST,/admin/media/{media}/cover,admin.media.cover,"Villa\Http\Controllers\VillaTypeController@coverMedia",auth,villas.manage,
GET,/admin/notifications,admin.notifications.index,"Notifications\Http\Controllers\NotificationController@index",auth,,
GET,/admin/notifications/poll,admin.notifications.poll,"Notifications\Http\Controllers\NotificationController@poll",auth,,"throttle:120,1"
POST,/admin/notifications/read-all,admin.notifications.read-all,"Notifications\Http\Controllers\NotificationController@readAll",auth,,
GET,/admin/notifications/{notification}/open,admin.notifications.open,"Notifications\Http\Controllers\NotificationController@open",auth,,
GET,/admin/offers,admin.offers.index,"Villa\Http\Controllers\OfferController@index",auth,rates.manage,
POST,/admin/offers,admin.offers.store,"Villa\Http\Controllers\OfferController@store",auth,rates.manage,
GET,/admin/offers/create,admin.offers.create,"Villa\Http\Controllers\OfferController@create",auth,rates.manage,
PUT|PATCH,/admin/offers/{offer},admin.offers.update,"Villa\Http\Controllers\OfferController@update",auth,rates.manage,
DELETE,/admin/offers/{offer},admin.offers.destroy,"Villa\Http\Controllers\OfferController@destroy",auth,rates.manage,
GET,/admin/offers/{offer}/edit,admin.offers.edit,"Villa\Http\Controllers\OfferController@edit",auth,rates.manage,
PUT,/admin/operator-contracts/{contract},admin.operators.contracts.update,"Operators\Http\Controllers\OperatorController@updateContract",auth,"operators.view & operators.manage",
GET,/admin/operators,admin.operators.index,"Operators\Http\Controllers\OperatorController@index",auth,operators.view,
POST,/admin/operators,admin.operators.store,"Operators\Http\Controllers\OperatorController@store",auth,"operators.view & operators.manage",
GET,/admin/operators/create,admin.operators.create,"Operators\Http\Controllers\OperatorController@create",auth,"operators.view & operators.manage",
GET,/admin/operators/{operator},admin.operators.show,"Operators\Http\Controllers\OperatorController@show",auth,operators.view,
PUT,/admin/operators/{operator},admin.operators.update,"Operators\Http\Controllers\OperatorController@update",auth,"operators.view & operators.manage",
POST,/admin/operators/{operator}/approve,admin.operators.approve,"Operators\Http\Controllers\OperatorController@approve",auth,"operators.view & operators.manage",
POST,/admin/operators/{operator}/commissions/settle,admin.operators.commissions.settle,"Operators\Http\Controllers\OperatorController@settleCommissions",auth,"operators.view & operators.finance",
POST,/admin/operators/{operator}/contracts,admin.operators.contracts.store,"Operators\Http\Controllers\OperatorController@storeContract",auth,"operators.view & operators.manage",
GET,/admin/operators/{operator}/edit,admin.operators.edit,"Operators\Http\Controllers\OperatorController@edit",auth,"operators.view & operators.manage",
POST,/admin/operators/{operator}/payments,admin.operators.payment,"Operators\Http\Controllers\OperatorController@payment",auth,"operators.view & operators.finance",
GET,/admin/operators/{operator}/statement,admin.operators.statement,"Operators\Http\Controllers\OperatorController@statement",auth,operators.view,
POST,/admin/operators/{operator}/suspend,admin.operators.suspend,"Operators\Http\Controllers\OperatorController@suspend",auth,"operators.view & operators.manage",
POST,/admin/operators/{operator}/users,admin.operators.users,"Operators\Http\Controllers\OperatorController@addUser",auth,"operators.view & operators.manage",
GET,/admin/payments,admin.payments.index,"Billing\Http\Controllers\PaymentController@index",auth,payments.receive|invoices.view,
GET,/admin/payments/{payment}/proof,admin.payments.proof,"Billing\Http\Controllers\PaymentController@proof",auth,payments.receive|operators.finance,
GET,/admin/rates,admin.rates.index,"Villa\Http\Controllers\RateController@index",auth,rates.manage,
POST,/admin/rates/matrix,admin.rates.matrix,"Villa\Http\Controllers\RateController@saveMatrix",auth,rates.manage,
POST,/admin/rates/plans,admin.rates.plans.store,"Villa\Http\Controllers\RateController@storePlan",auth,rates.manage,
PUT,/admin/rates/plans/{plan},admin.rates.plans.update,"Villa\Http\Controllers\RateController@updatePlan",auth,rates.manage,
POST,/admin/rates/seasons,admin.rates.seasons.store,"Villa\Http\Controllers\RateController@storeSeason",auth,rates.manage,
PUT,/admin/rates/seasons/{season},admin.rates.seasons.update,"Villa\Http\Controllers\RateController@updateSeason",auth,rates.manage,
DELETE,/admin/rates/seasons/{season},admin.rates.seasons.destroy,"Villa\Http\Controllers\RateController@destroySeason",auth,rates.manage,
GET,/admin/reports,admin.reports.index,"Reports\Http\Controllers\ReportController@index",auth,reports.operational|reports.financial|pos.reports|inventory.view|staff.view,
GET,/admin/reports/{type},admin.reports.show,"Reports\Http\Controllers\ReportController@show",auth,reports.operational|reports.financial|pos.reports|inventory.view|staff.view,
GET,/admin/roles,admin.roles.index,"Core\Http\Controllers\RoleController@index",auth,users.manage,
POST,/admin/roles,admin.roles.store,"Core\Http\Controllers\RoleController@store",auth,users.manage,
GET,/admin/roles/create,admin.roles.create,"Core\Http\Controllers\RoleController@create",auth,users.manage,
PUT,/admin/roles/{role},admin.roles.update,"Core\Http\Controllers\RoleController@update",auth,users.manage,
GET,/admin/roles/{role}/edit,admin.roles.edit,"Core\Http\Controllers\RoleController@edit",auth,users.manage,
GET,/admin/settings,admin.settings.edit,"Core\Http\Controllers\SettingsController@edit",auth,settings.manage,
PUT,/admin/settings,admin.settings.update,"Core\Http\Controllers\SettingsController@update",auth,settings.manage,
PUT,/admin/settings/currencies,admin.settings.currencies,"Core\Http\Controllers\SettingsController@currencies",auth,settings.manage,
POST,/admin/settings/currencies/refresh,admin.settings.currencies.refresh,"Core\Http\Controllers\SettingsController@refreshRates",auth,settings.manage,
GET,/admin/staff/attendance,admin.staff.attendance.index,"Staff\Http\Controllers\AttendanceController@index",auth,attendance.manage,
GET,/admin/staff/attendance/export,admin.staff.attendance.export,"Staff\Http\Controllers\AttendanceController@export",auth,attendance.manage,
POST,/admin/staff/attendance/manual,admin.staff.attendance.manual,"Staff\Http\Controllers\AttendanceController@manual",auth,attendance.manage,
POST,/admin/staff/attendance/{record}/correct,admin.staff.attendance.correct,"Staff\Http\Controllers\AttendanceController@correct",auth,attendance.manage,
POST,/admin/staff/clock,admin.staff.clock,"Staff\Http\Controllers\AttendanceController@clock",auth,attendance.self,
GET,/admin/staff/departments,admin.staff.departments.index,"Staff\Http\Controllers\EmployeeController@departments",auth,staff.manage,
POST,/admin/staff/departments,admin.staff.departments.store,"Staff\Http\Controllers\EmployeeController@storeDepartment",auth,staff.manage,
GET,/admin/staff/devices,admin.staff.devices.index,"Staff\Http\Controllers\RosterController@devices",auth,staff.manage,
POST,/admin/staff/devices,admin.staff.devices.store,"Staff\Http\Controllers\RosterController@storeDevice",auth,staff.manage,
GET,/admin/staff/employees,admin.staff.employees.index,"Staff\Http\Controllers\EmployeeController@index",auth,staff.view,
POST,/admin/staff/employees,admin.staff.employees.store,"Staff\Http\Controllers\EmployeeController@store",auth,staff.manage,
GET,/admin/staff/employees/create,admin.staff.employees.create,"Staff\Http\Controllers\EmployeeController@create",auth,staff.manage,
PUT,/admin/staff/employees/{employee},admin.staff.employees.update,"Staff\Http\Controllers\EmployeeController@update",auth,staff.manage,
GET,/admin/staff/employees/{employee},admin.staff.employees.show,"Staff\Http\Controllers\EmployeeController@show",auth,staff.view,
GET,/admin/staff/employees/{employee}/edit,admin.staff.employees.edit,"Staff\Http\Controllers\EmployeeController@edit",auth,staff.manage,
POST,/admin/staff/employees/{employee}/login,admin.staff.employees.login,"Staff\Http\Controllers\EmployeeController@createLogin",auth,staff.manage,
POST,/admin/staff/employees/{employee}/terminate,admin.staff.employees.terminate,"Staff\Http\Controllers\EmployeeController@terminate",auth,staff.manage,
POST,/admin/staff/job-roles,admin.staff.job-roles.store,"Staff\Http\Controllers\EmployeeController@storeJobRole",auth,staff.manage,
GET,/admin/staff/leave,admin.staff.leave.index,"Staff\Http\Controllers\LeaveController@index",auth,leave.self|leave.approve,
POST,/admin/staff/leave,admin.staff.leave.store,"Staff\Http\Controllers\LeaveController@store",auth,leave.self|leave.approve,
POST,/admin/staff/leave-types,admin.staff.leave-types.store,"Staff\Http\Controllers\LeaveController@storeType",auth,staff.manage,
POST,/admin/staff/leave/{leave}/cancel,admin.staff.leave.cancel,"Staff\Http\Controllers\LeaveController@cancel",auth,leave.self|leave.approve,
POST,/admin/staff/leave/{leave}/decide,admin.staff.leave.decide,"Staff\Http\Controllers\LeaveController@decide",auth,leave.approve,
GET,/admin/staff/my-time-card,admin.staff.my-timecard,"Staff\Http\Controllers\AttendanceController@mine",auth,attendance.self,
GET,/admin/staff/roster,admin.staff.roster.index,"Staff\Http\Controllers\RosterController@index",auth,staff.manage,
POST,/admin/staff/roster,admin.staff.roster.save,"Staff\Http\Controllers\RosterController@save",auth,staff.manage,
POST,/admin/staff/shifts,admin.staff.shifts.store,"Staff\Http\Controllers\RosterController@storeShift",auth,staff.manage,
PUT,/admin/staff/shifts/{shift},admin.staff.shifts.update,"Staff\Http\Controllers\RosterController@updateShift",auth,staff.manage,
GET,/admin/users,admin.users.index,"Core\Http\Controllers\UserController@index",auth,users.manage,
POST,/admin/users,admin.users.store,"Core\Http\Controllers\UserController@store",auth,users.manage,
GET,/admin/users/create,admin.users.create,"Core\Http\Controllers\UserController@create",auth,users.manage,
PUT,/admin/users/{user},admin.users.update,"Core\Http\Controllers\UserController@update",auth,users.manage,
GET,/admin/users/{user}/edit,admin.users.edit,"Core\Http\Controllers\UserController@edit",auth,users.manage,
POST,/admin/users/{user}/reset-password,admin.users.reset-password,"Core\Http\Controllers\UserController@resetPassword",auth,users.manage,
POST,/admin/users/{user}/unlock,admin.users.unlock,"Core\Http\Controllers\UserController@unlock",auth,users.manage,
GET,/admin/villa-types,admin.villa-types.index,"Villa\Http\Controllers\VillaTypeController@index",auth,villas.manage,
POST,/admin/villa-types,admin.villa-types.store,"Villa\Http\Controllers\VillaTypeController@store",auth,villas.manage,
GET,/admin/villa-types/create,admin.villa-types.create,"Villa\Http\Controllers\VillaTypeController@create",auth,villas.manage,
PUT|PATCH,/admin/villa-types/{villa_type},admin.villa-types.update,"Villa\Http\Controllers\VillaTypeController@update",auth,villas.manage,
DELETE,/admin/villa-types/{villa_type},admin.villa-types.destroy,"Villa\Http\Controllers\VillaTypeController@destroy",auth,villas.manage,
GET,/admin/villa-types/{villa_type}/edit,admin.villa-types.edit,"Villa\Http\Controllers\VillaTypeController@edit",auth,villas.manage,
POST,/admin/villa-types/{villa_type}/media,admin.villa-types.media,"Villa\Http\Controllers\VillaTypeController@addMedia",auth,villas.manage,
GET,/admin/villas,admin.villas.index,"Villa\Http\Controllers\VillaController@index",auth,villas.view,
POST,/admin/villas,admin.villas.store,"Villa\Http\Controllers\VillaController@store",auth,villas.manage,
GET,/admin/villas/create,admin.villas.create,"Villa\Http\Controllers\VillaController@create",auth,villas.manage,
PUT,/admin/villas/{villa},admin.villas.update,"Villa\Http\Controllers\VillaController@update",auth,villas.manage,
DELETE,/admin/villas/{villa},admin.villas.destroy,"Villa\Http\Controllers\VillaController@destroy",auth,villas.manage,
GET,/admin/villas/{villa},admin.villas.show,"Villa\Http\Controllers\VillaController@show",auth,villas.view,
GET,/admin/villas/{villa}/edit,admin.villas.edit,"Villa\Http\Controllers\VillaController@edit",auth,villas.manage,
POST,/admin/villas/{villa}/media,admin.villas.media,"Villa\Http\Controllers\VillaController@addMedia",auth,villas.manage,
GET,/admin/website,admin.cms.index,"Core\Http\Controllers\CmsController@index",auth,website.manage,
PUT,/admin/website/content,admin.cms.content,"Core\Http\Controllers\CmsController@content",auth,website.manage,
POST,/admin/website/gallery,admin.cms.gallery.store,"Core\Http\Controllers\CmsController@storeGallery",auth,website.manage,
DELETE,/admin/website/gallery/{item},admin.cms.gallery.destroy,"Core\Http\Controllers\CmsController@destroyGallery",auth,website.manage,
GET,/admin/website/media/search,admin.cms.media.search,"Core\Http\Controllers\MediaLibraryController@search",auth,website.manage,"throttle:60,1"
POST,/admin/website/media/use,admin.cms.media.use,"Core\Http\Controllers\MediaLibraryController@use",auth,website.manage,
POST,/admin/website/services,admin.cms.services.store,"Core\Http\Controllers\CmsController@storeService",auth,website.manage,
PUT,/admin/website/services/{service},admin.cms.services.update,"Core\Http\Controllers\CmsController@updateService",auth,website.manage,
GET,/admin/website/social,admin.social.index,"Core\Http\Controllers\SocialLinkController@index",auth,website.manage,
POST,/admin/website/social,admin.social.store,"Core\Http\Controllers\SocialLinkController@store",auth,website.manage,
PUT,/admin/website/social/{link},admin.social.update,"Core\Http\Controllers\SocialLinkController@update",auth,website.manage,
DELETE,/admin/website/social/{link},admin.social.destroy,"Core\Http\Controllers\SocialLinkController@destroy",auth,website.manage,
POST,/admin/website/social/{link}/toggle,admin.social.toggle,"Core\Http\Controllers\SocialLinkController@toggle",auth,website.manage,
POST,/admin/website/testimonials,admin.cms.testimonials.store,"Core\Http\Controllers\CmsController@storeTestimonial",auth,website.manage,
DELETE,/admin/website/testimonials/{testimonial},admin.cms.testimonials.destroy,"Core\Http\Controllers\CmsController@destroyTestimonial",auth,website.manage,
POST,/api/v1/attendance/punch,api.attendance.punch,"Staff\Http\Controllers\DeviceApiController@punch",public,,"throttle:120,1"
GET,/api/v1/availability,api.availability,"Api\Http\Controllers\PublicApiController@availability",public,,"throttle:60,1"
GET,/api/v1/currencies,api.currencies,"Website\Http\Controllers\CurrencyController@rates",public,,"throttle:60,1"
POST,/api/v1/lock-bridge/events,api.bridge.events,"KeyCards\Http\Controllers\LockBridgeApiController@events",public,,"throttle:240,1"
POST,/api/v1/lock-bridge/heartbeat,api.bridge.heartbeat,"KeyCards\Http\Controllers\LockBridgeApiController@heartbeat",public,,"throttle:240,1"
GET,/api/v1/lock-bridge/jobs,api.bridge.jobs,"KeyCards\Http\Controllers\LockBridgeApiController@jobs",public,,"throttle:240,1"
POST,/api/v1/lock-bridge/jobs/{uuid}/result,api.bridge.result,"KeyCards\Http\Controllers\LockBridgeApiController@result",public,,"throttle:240,1"
GET,/api/v1/offers,api.offers,"Api\Http\Controllers\PublicApiController@offers",public,,"throttle:60,1"
GET,/api/v1/quote,api.quote,"Api\Http\Controllers\PublicApiController@quote",public,,"throttle:60,1"
POST,/api/v1/rfid/scan,api.rfid.scan,"KeyCards\Http\Controllers\RfidApiController@scan",public,,"throttle:240,1"
GET,/api/v1/villa-types,api.villa-types,"Api\Http\Controllers\PublicApiController@villaTypes",public,,"throttle:60,1"
GET,/api/v1/villa-types/{type},api.villa-type,"Api\Http\Controllers\PublicApiController@villaType",public,,"throttle:60,1"
GET,/book,book.search,"Website\Http\Controllers\BookingFlowController@search",public,,
GET,/book/confirmation/{token},book.confirmation,"Website\Http\Controllers\BookingFlowController@confirmation",public,,
GET,/book/details,book.details,"Website\Http\Controllers\BookingFlowController@details",public,,
POST,/book/hold,book.hold,"Website\Http\Controllers\BookingFlowController@hold",public,,"throttle:10,1"
GET,/contact,site.contact,"Website\Http\Controllers\SiteController@contact",public,,
POST,/contact,site.enquiry,"Website\Http\Controllers\SiteController@enquiry",public,,"throttle:5,10"
POST,/currency,currency.switch,"Website\Http\Controllers\CurrencyController@switch",public,,"throttle:30,1"
GET,/forgot-password,password.request,"Auth\Http\Controllers\PasswordController@forgot",guest,,
POST,/forgot-password,password.email,"Auth\Http\Controllers\PasswordController@sendLink",guest,,
GET,/gallery,site.gallery,"Website\Http\Controllers\SiteController@gallery",public,,
GET,/login,login,"Auth\Http\Controllers\LoginController@show",guest,,
POST,/login,login.attempt,"Auth\Http\Controllers\LoginController@login",guest,,
POST,/logout,logout,"Auth\Http\Controllers\LoginController@logout",auth,,
GET,/my-booking,manage.lookup,"Website\Http\Controllers\ManageBookingController@lookup",public,,
POST,/my-booking,manage.find,"Website\Http\Controllers\ManageBookingController@find",public,,"throttle:10,5"
GET,/my-booking/{token},manage.show,"Website\Http\Controllers\ManageBookingController@show",public,,
POST,/my-booking/{token}/pay,manage.pay,"Website\Http\Controllers\ManageBookingController@pay",public,,"throttle:10,5"
GET,/my-booking/{token}/voucher,manage.voucher,"Website\Http\Controllers\ManageBookingController@voucher",public,,
GET,/offers,site.offers,"Website\Http\Controllers\SiteController@offers",public,,
GET,/partners,operator.dashboard,"Operators\Http\Controllers\PortalController@dashboard",auth,,
GET,/partners/availability,operator.availability,"Operators\Http\Controllers\PortalController@availability",auth,,
GET,/partners/bookings,operator.bookings,"Operators\Http\Controllers\PortalController@bookings",auth,,
POST,/partners/bookings,operator.bookings.store,"Operators\Http\Controllers\PortalController@store",auth,,
GET,/partners/bookings/new,operator.bookings.create,"Operators\Http\Controllers\PortalController@create",auth,,
GET,/partners/bookings/{booking},operator.bookings.show,"Operators\Http\Controllers\PortalController@show",auth,,
POST,/partners/bookings/{booking}/cancel,operator.bookings.cancel,"Operators\Http\Controllers\PortalController@cancel",auth,,
POST,/partners/bookings/{booking}/rooming-list,operator.bookings.rooming,"Operators\Http\Controllers\PortalController@roomingList",auth,,
POST,/partners/bookings/{booking}/rooming-list/upload,operator.bookings.rooming.upload,"Operators\Http\Controllers\PortalController@uploadRoomingList",auth,,
GET,/partners/bookings/{booking}/voucher,operator.bookings.voucher,"Operators\Http\Controllers\PortalController@voucher",auth,,
GET,/partners/company,operator.company,"Operators\Http\Controllers\PortalController@company",auth,,
PUT,/partners/company,operator.company.update,"Operators\Http\Controllers\PortalController@updateCompany",auth,,
GET,/partners/invoices,operator.invoices,"Operators\Http\Controllers\PortalController@invoices",auth,,
GET,/partners/invoices/{invoice},operator.invoices.show,"Operators\Http\Controllers\PortalController@invoice",auth,,
POST,/partners/payments,operator.payments.store,"Operators\Http\Controllers\PortalController@payment",auth,,
GET,/partners/register,operator.register,"Operators\Http\Controllers\RegistrationController@create",guest,,
POST,/partners/register,operator.register.store,"Operators\Http\Controllers\RegistrationController@store",guest,,"throttle:5,10"
GET,/partners/rooming-list-template.csv,operator.rooming.template,"Operators\Http\Controllers\PortalController@template",auth,,
GET,/partners/statement,operator.statement,"Operators\Http\Controllers\PortalController@statement",auth,,
GET,/pay/{token}/cancel,pay.cancel,"Website\Http\Controllers\PublicPaymentController@cancel",public,,
GET,/pay/{token}/return,pay.return,"Website\Http\Controllers\PublicPaymentController@return",public,,
GET,/pay/{token}/sandbox,pay.sandbox,"Website\Http\Controllers\PublicPaymentController@sandbox",public,,
POST,/pay/{token}/sandbox,pay.sandbox.complete,"Website\Http\Controllers\PublicPaymentController@sandboxComplete",public,,
GET,/pos,pos.terminal,"POS\Http\Controllers\TerminalController@index",auth,"pos.access & pos.order|pos.bill",
GET,/pos-access,pos.access,"POS\Http\Controllers\PosAccessController",public,,
GET,/pos/api/in-house,pos.api.in-house,"POS\Http\Controllers\PosApiController@inHouse",auth,"pos.access & pos.order|pos.bill",
GET,/pos/api/menu,pos.api.menu,"POS\Http\Controllers\PosApiController@menu",auth,"pos.access & pos.order|pos.bill",
POST,/pos/api/orders,pos.api.orders.open,"POS\Http\Controllers\PosApiController@open",auth,"pos.access & pos.order|pos.bill",
GET,/pos/api/orders/{order},pos.api.orders.show,"POS\Http\Controllers\PosApiController@show",auth,"pos.access & pos.order|pos.bill",
POST,/pos/api/orders/{order}/bill,pos.api.orders.bill,"POS\Http\Controllers\PosApiController@printBill",auth,"pos.access & pos.order|pos.bill",
POST,/pos/api/orders/{order}/discount,pos.api.orders.discount,"POS\Http\Controllers\PosApiController@discount",auth,"pos.access & pos.order|pos.bill & pos.discount",
POST,/pos/api/orders/{order}/fire,pos.api.orders.fire,"POS\Http\Controllers\PosApiController@fire",auth,"pos.access & pos.order|pos.bill",
POST,/pos/api/orders/{order}/items,pos.api.orders.items.add,"POS\Http\Controllers\PosApiController@addItem",auth,"pos.access & pos.order|pos.bill",
PATCH,/pos/api/orders/{order}/items/{item},pos.api.orders.items.update,"POS\Http\Controllers\PosApiController@updateItem",auth,"pos.access & pos.order|pos.bill",
DELETE,/pos/api/orders/{order}/items/{item},pos.api.orders.items.remove,"POS\Http\Controllers\PosApiController@removeItem",auth,"pos.access & pos.order|pos.bill",
POST,/pos/api/orders/{order}/merge,pos.api.orders.merge,"POS\Http\Controllers\PosApiController@merge",auth,"pos.access & pos.order|pos.bill",
POST,/pos/api/orders/{order}/notes,pos.api.orders.notes,"POS\Http\Controllers\PosApiController@notes",auth,"pos.access & pos.order|pos.bill",
POST,/pos/api/orders/{order}/pay,pos.api.orders.pay,"POS\Http\Controllers\PosApiController@pay",auth,"pos.access & pos.order|pos.bill & pos.bill",
POST,/pos/api/orders/{order}/split,pos.api.orders.split,"POS\Http\Controllers\PosApiController@split",auth,"pos.access & pos.order|pos.bill",
POST,/pos/api/orders/{order}/transfer,pos.api.orders.transfer,"POS\Http\Controllers\PosApiController@transfer",auth,"pos.access & pos.order|pos.bill",
POST,/pos/api/orders/{order}/void,pos.api.orders.void,"POS\Http\Controllers\PosApiController@void",auth,"pos.access & pos.order|pos.bill & pos.void",
GET,/pos/api/tables,pos.api.tables,"POS\Http\Controllers\PosApiController@tables",auth,"pos.access & pos.order|pos.bill",
GET,/pos/cash-movements,pos.cash-movements,"POS\Http\Controllers\ShiftController@movements",auth,"pos.access & pos.shift|pos.reports|pos.shift_review",
GET,/pos/dashboard,pos.dashboard,"POS\Http\Controllers\PosDashboardController",auth,pos.access,
GET,/pos/day-end,pos.day-end,"POS\Http\Controllers\ShiftController@dayEnd",auth,"pos.access & pos.shift|pos.shift_review",
GET,/pos/inventory,pos.inventory.items.index,"Inventory\Http\Controllers\StockController@index",auth,"pos.access & inventory.view",
POST,/pos/inventory/count,pos.inventory.count,"Inventory\Http\Controllers\StockController@count",auth,"pos.access & inventory.manage",
POST,/pos/inventory/items,pos.inventory.items.store,"Inventory\Http\Controllers\StockController@store",auth,"pos.access & inventory.manage",
PUT,/pos/inventory/items/{item},pos.inventory.items.update,"Inventory\Http\Controllers\StockController@update",auth,"pos.access & inventory.manage",
GET,/pos/inventory/movements,pos.inventory.movements,"Inventory\Http\Controllers\StockController@movements",auth,"pos.access & inventory.view",
GET,/pos/inventory/recipes,pos.inventory.recipes,"Inventory\Http\Controllers\StockController@recipes",auth,"pos.access & inventory.manage",
POST,/pos/inventory/recipes,pos.inventory.recipes.save,"Inventory\Http\Controllers\StockController@saveRecipe",auth,"pos.access & inventory.manage",
DELETE,/pos/inventory/recipes/{recipe},pos.inventory.recipes.destroy,"Inventory\Http\Controllers\StockController@destroyRecipe",auth,"pos.access & inventory.manage",
POST,/pos/inventory/stock-in,pos.inventory.stock-in,"Inventory\Http\Controllers\StockController@stockIn",auth,"pos.access & inventory.manage",
POST,/pos/inventory/stock-out,pos.inventory.stock-out,"Inventory\Http\Controllers\StockController@stockOut",auth,"pos.access & inventory.manage",
GET,/pos/inventory/suppliers,pos.inventory.suppliers.index,"Inventory\Http\Controllers\SupplierController@index",auth,"pos.access & inventory.manage",
POST,/pos/inventory/suppliers,pos.inventory.suppliers.store,"Inventory\Http\Controllers\SupplierController@store",auth,"pos.access & inventory.manage",
GET,/pos/inventory/suppliers/create,pos.inventory.suppliers.create,"Inventory\Http\Controllers\SupplierController@create",auth,"pos.access & inventory.manage",
PUT|PATCH,/pos/inventory/suppliers/{supplier},pos.inventory.suppliers.update,"Inventory\Http\Controllers\SupplierController@update",auth,"pos.access & inventory.manage",
GET,/pos/inventory/suppliers/{supplier}/edit,pos.inventory.suppliers.edit,"Inventory\Http\Controllers\SupplierController@edit",auth,"pos.access & inventory.manage",
GET,/pos/kds,pos.kds,"POS\Http\Controllers\KdsController@index",auth,"pos.access & pos.kds",
GET,/pos/kds/feed,pos.kds.feed,"POS\Http\Controllers\KdsController@feed",auth,"pos.access & pos.kds|pos.order",
POST,/pos/kds/{kot}/status,pos.kds.status,"POS\Http\Controllers\KdsController@status",auth,"pos.access & pos.kds",
GET,/pos/menu,pos.menu.index,"POS\Http\Controllers\MenuController@index",auth,"pos.access & pos.menu",
POST,/pos/menu/categories,pos.menu.categories.store,"POS\Http\Controllers\MenuController@storeCategory",auth,"pos.access & pos.menu",
PUT,/pos/menu/categories/{category},pos.menu.categories.update,"POS\Http\Controllers\MenuController@updateCategory",auth,"pos.access & pos.menu",
POST,/pos/menu/items,pos.menu.items.store,"POS\Http\Controllers\MenuController@store",auth,"pos.access & pos.menu",
GET,/pos/menu/items/create,pos.menu.items.create,"POS\Http\Controllers\MenuController@create",auth,"pos.access & pos.menu",
PUT,/pos/menu/items/{item},pos.menu.items.update,"POS\Http\Controllers\MenuController@update",auth,"pos.access & pos.menu",
DELETE,/pos/menu/items/{item},pos.menu.items.destroy,"POS\Http\Controllers\MenuController@destroy",auth,"pos.access & pos.menu",
POST,/pos/menu/items/{item}/availability,pos.menu.items.toggle,"POS\Http\Controllers\MenuController@toggle",auth,"pos.access & pos.menu",
GET,/pos/menu/items/{item}/edit,pos.menu.items.edit,"POS\Http\Controllers\MenuController@edit",auth,"pos.access & pos.menu",
POST,/pos/menu/modifier-groups,pos.menu.groups.store,"POS\Http\Controllers\MenuController@storeGroup",auth,"pos.access & pos.menu",
POST,/pos/menu/modifier-groups/{group}/modifiers,pos.menu.modifiers.store,"POS\Http\Controllers\MenuController@storeModifier",auth,"pos.access & pos.menu",
DELETE,/pos/menu/modifiers/{modifier},pos.menu.modifiers.destroy,"POS\Http\Controllers\MenuController@destroyModifier",auth,"pos.access & pos.menu",
GET,/pos/order/{order},pos.order,"POS\Http\Controllers\TerminalController@order",auth,"pos.access & pos.order|pos.bill",
GET,/pos/order/{order}/bill,pos.bill.print,"POS\Http\Controllers\TerminalController@bill",auth,"pos.access & pos.order|pos.bill",
GET,/pos/order/{order}/kot/{kot},pos.kot.print,"POS\Http\Controllers\TerminalController@kot",auth,"pos.access & pos.order|pos.kds",
GET,/pos/order/{order}/receipt,pos.receipt,"POS\Http\Controllers\TerminalController@receipt",auth,"pos.access & pos.bill|pos.order",
GET,/pos/orders,pos.orders.index,"POS\Http\Controllers\OrderHistoryController@index",auth,"pos.access & pos.bill|pos.reports",
POST,/pos/orders/{order}/refund,pos.orders.refund,"POS\Http\Controllers\OrderHistoryController@refund",auth,"pos.access & pos.refund",
GET,/pos/outlets,pos.outlets.index,"POS\Http\Controllers\OutletController@index",auth,"pos.access & pos.menu",
POST,/pos/outlets,pos.outlets.store,"POS\Http\Controllers\OutletController@store",auth,"pos.access & pos.menu",
PUT,/pos/outlets/{outlet},pos.outlets.update,"POS\Http\Controllers\OutletController@update",auth,"pos.access & pos.menu",
POST,/pos/outlets/{outlet}/tables,pos.tables.store,"POS\Http\Controllers\OutletController@storeTable",auth,"pos.access & pos.menu",
GET,/pos/reports,pos.reports,Closure,auth,"pos.access & pos.reports",
GET,/pos/reservations,pos.reservations.index,"POS\Http\Controllers\ReservationController@index",auth,"pos.access & pos.reservations",
POST,/pos/reservations,pos.reservations.store,"POS\Http\Controllers\ReservationController@store",auth,"pos.access & pos.reservations",
PUT,/pos/reservations/{reservation},pos.reservations.update,"POS\Http\Controllers\ReservationController@update",auth,"pos.access & pos.reservations",
POST,/pos/reservations/{reservation}/status,pos.reservations.status,"POS\Http\Controllers\ReservationController@status",auth,"pos.access & pos.reservations",
GET,/pos/sales/{type?},pos.sales,"POS\Http\Controllers\SalesReportController",auth,"pos.access & pos.reports|inventory.view",
GET,/pos/shifts,pos.shifts.index,"POS\Http\Controllers\ShiftController@index",auth,"pos.access & pos.shift|pos.reports|pos.shift_review",
POST,/pos/shifts/open,pos.shifts.open,"POS\Http\Controllers\ShiftController@open",auth,"pos.access & pos.shift",
GET,/pos/shifts/{shift},pos.shifts.show,"POS\Http\Controllers\ShiftController@show",auth,"pos.access & pos.shift|pos.reports|pos.shift_review",
POST,/pos/shifts/{shift}/cash,pos.shifts.cash,"POS\Http\Controllers\ShiftController@cash",auth,"pos.access & pos.shift|pos.shift_review",
POST,/pos/shifts/{shift}/close,pos.shifts.close,"POS\Http\Controllers\ShiftController@close",auth,"pos.access & pos.shift|pos.shift_review",
GET,/pos/shifts/{shift}/print,pos.shifts.print,"POS\Http\Controllers\ShiftController@print",auth,"pos.access & pos.shift|pos.reports|pos.shift_review",
POST,/pos/shifts/{shift}/reopen,pos.shifts.reopen,"POS\Http\Controllers\ShiftController@reopen",auth,"pos.access & pos.shift_review",
POST,/pos/shifts/{shift}/review,pos.shifts.review,"POS\Http\Controllers\ShiftController@review",auth,"pos.access & pos.shift_review",
GET,/pos/social,pos.social.index,"Core\Http\Controllers\SocialLinkController@index",auth,"pos.access & pos.menu",
POST,/pos/social,pos.social.store,"Core\Http\Controllers\SocialLinkController@store",auth,"pos.access & pos.menu",
PUT,/pos/social/{link},pos.social.update,"Core\Http\Controllers\SocialLinkController@update",auth,"pos.access & pos.menu",
DELETE,/pos/social/{link},pos.social.destroy,"Core\Http\Controllers\SocialLinkController@destroy",auth,"pos.access & pos.menu",
POST,/pos/social/{link}/toggle,pos.social.toggle,"Core\Http\Controllers\SocialLinkController@toggle",auth,"pos.access & pos.menu",
PUT,/pos/tables/{table},pos.tables.update,"POS\Http\Controllers\OutletController@updateTable",auth,"pos.access & pos.menu",
GET,/pos/today,pos.today,"POS\Http\Controllers\ShiftController@today",auth,"pos.access & pos.shift|pos.reports|pos.shift_review",
POST,/reset-password,password.update,"Auth\Http\Controllers\PasswordController@reset",guest,,
GET,/reset-password/{token},password.reset,"Auth\Http\Controllers\PasswordController@resetForm",guest,,
GET,/services,site.services,"Website\Http\Controllers\SiteController@services",public,,
GET,/storage/{path},storage.local,Closure,public,,
PUT,/storage/{path},storage.local.upload,Closure,public,,
GET,/up,,Closure,public,,
GET,/villas,site.villas,"Website\Http\Controllers\SiteController@villas",public,,
GET,/villas/{type},site.villa,"Website\Http\Controllers\SiteController@villa",public,,
GET,/weather,site.weather,"Website\Http\Controllers\SiteController@weather",public,,"throttle:30,1"
POST,/webhooks/channel/{provider},webhooks.channel,"Channel\Http\Controllers\ChannelWebhookController@handle",public,,
POST,/webhooks/payments/{provider},webhooks.payment,"Billing\Http\Controllers\WebhookController@payment",public,,
