file,url,status,note,pass,first_pass_error
01_admin_dashboard.png,/admin,captured,"Administrator dashboard",main,
02_walkin_booking.png,/admin/bookings/create?source=walk_in&arrival=2026-09-29&departure=2026-10-03,captured,"Walk-in: Nuwan Perera, G1, $today to $depart, 2 adults, LKR 30,500/night, deposit LKR 20,000",main,
03_room_selection.png,/admin/bookings/create?source=walk_in&arrival=2026-09-29&departure=2026-10-03,captured,"Villas free for every night of the stay; G1 ticked",main,
04_checkin.png,/admin/front-desk/37/check-in,captured,"Check-in: ID document and key card for villa G1",main,
05_pos_table.png,/pos?outlet=1&order=107,captured,"Table T6, 4 guests: order before sending to the kitchen",rerun,"JS error: Error: T6 is busy"
06_pos_payment.png,/pos?outlet=1&order=107,captured,"Cash payment: LKR 30,000 tendered, change calculated",rerun,"JS error: Error: Missing [data-act=pay]"
07_kitchen_kot.png,/pos/kds?station=all,captured,"Kitchen display: new KOT for villa G1",main,
08_room_service.png,/pos?outlet=3&order=106,captured,"Room service charged to villa G1 (Nuwan Perera)",main,
09_guest_folio.png,/admin/bookings/37,captured,"Guest folio: deposit, room-service charge and laundry",main,
10_checkout.png,/admin/front-desk/21/check-out,captured,"Checkout: room and restaurant on one bill, balance settled by card, Complete checkout enabled",main,
11_housekeeping.png,/admin/housekeeping,captured,"Housekeeping board: G1 waiting for inspection",main,
12_key_cards.png,/admin/key-cards,captured,"Key cards (LOCK_DRIVER=simulator)",main,
13_night_audit.png,/admin/front-desk,captured,"Night audit result",main,
14_login_page.png,/login,captured,"Sign-in page with the local-only demo role cards (no password shown)",main,
15_front_desk.png,/admin/front-desk,captured,"Front desk: arrivals, in-house guests, departures",main,
16_checkout_blocked.png,/admin/front-desk/21/check-out,captured,"Open restaurant check blocks checkout; Complete checkout disabled",main,
17_settlement_requested.png,/admin/front-desk/21/check-out,captured,"Restaurant settlement requested from the front desk",main,
18_cashier_notification.png,/admin/notifications,captured,"Cashier notification: settle the open check",main,
19_pos_charge_to_villa.png,/pos?outlet=3&order=105,captured,"Payment dialog: Charge to villa G1 (Oliver Jensen)",main,
20_checkout_complete.png,/admin/bookings/21,captured,"Checked out: villa G1 becomes Dirty and a departure clean is created",main,
21_final_invoice.png,/admin/invoices/61,captured,"Final invoice",main,
22_my_cleaning_tasks.png,/admin/housekeeping/my-tasks,captured,"Room attendant: G1 is ready for cleaning",main,
23_cleaning_checklist.png,/admin/housekeeping/tasks/23,captured,"Cleaning in progress: checklist partly ticked",main,
24_inspection.png,/admin/housekeeping/tasks/23,captured,"Supervisor inspection: Approve or Reject",main,
25_villa_ready.png,/admin/housekeeping,captured,"G1 approved: Ready for the next guest",main,
26_checked_in.png,/admin/bookings/37,captured,"Checked in: villa G1 occupied, key card active",main,
27_room_service_select.png,/pos?outlet=3,captured,"Room service: choose the in-house villa and guest",main,
28_room_service_check.png,/pos?outlet=3&order=106,captured,"Room-service check for villa G1: Seafood linguine + Crab soup (menu subtotal LKR 8,500)",main,
29_laundry_charge.png,/admin/bookings/37,captured,"Post a laundry charge: pressing 5 x LKR 400 = LKR 2,000",main,
30_pos_floor_plan.png,/pos?outlet=1,captured,"Waiter floor plan: free, occupied and reserved tables",rerun,
31_kitchen_kot_t6.png,/pos/kds?station=all,captured,"Kitchen and bar tickets for table T6",rerun,
32_open_shift.png,/pos/shifts,captured,"Open a shift at Vaasal Kitchen with a LKR 10,000 float",rerun,"JS error: Error: No open-shift form"
33_shift_open.png,/pos/shifts,captured,"Shift open at Vaasal Kitchen",rerun,
34_pos_bill.png,/pos/order/107/bill,captured,"Guest bill (80 mm)",rerun,"JS error: TypeError: Cannot read properties of null (reading 'content')"
35_pos_receipt.png,/pos/order/107/receipt,captured,Receipt,rerun,
36_table_released.png,/pos?outlet=1,captured,"After payment T6 is free again",rerun,
37_cashier_today.png,/pos/today,captured,,rerun,
38_pos_dashboard.png,/pos/dashboard,captured,,rerun,
39_table_reservations.png,/pos/reservations,captured,,rerun,
40_cashier_shifts.png,/pos/shifts,captured,,rerun,
41_day_end.png,/pos/day-end,captured,,rerun,
42_pos_sales.png,/pos/sales,captured,,rerun,
43_food_menu.png,/pos/menu,captured,,rerun,
44_orders_history.png,/pos/orders,captured,,rerun,
45_pos_inventory.png,/pos/inventory,captured,,rerun,
46_pos_outlets.png,/pos/outlets,captured,,rerun,
47_rfid_simulator.png,/admin/access/simulator,captured,"SIMULATION: guest card presented at the villa G1 door",main,
48_access_logs.png,/admin/key-cards/access-logs,captured,,main,
49_night_audit_confirm.png,/admin/front-desk,captured,"Run night audit now? confirmation",main,
50_folio_after_audit.png,/admin/bookings/37,captured,"Folio after night audit: the room night is posted",main,
51_bookings.png,/admin/bookings,captured,,main,
52_villa_calendar.png,/admin/calendar,captured,,main,
53_villas.png,/admin/villas,captured,,main,
54_guests.png,/admin/guests,captured,,main,
55_website_requests.png,/admin/enquiries,captured,,main,
56_tour_operators.png,/admin/operators,captured,,main,
57_maintenance.png,/admin/maintenance,captured,,main,
58_invoices.png,/admin/invoices,captured,,main,
59_payments.png,/admin/payments,captured,,main,
60_reports.png,/admin/reports,captured,,main,
61_report_occupancy.png,/admin/reports/occupancy,captured,,main,
62_users.png,/admin/users,captured,,main,
63_roles.png,/admin/roles,captured,,main,
64_settings.png,/admin/settings,captured,,main,
65_social_media.png,/admin/website/social,captured,,main,
66_website_content.png,/admin/website,captured,,main,
67_audit_log.png,/admin/audit,captured,,main,
68_staff_attendance.png,/admin/staff/attendance,captured,,main,
69_staff_roster.png,/admin/staff/roster,captured,,main,
70_mobile_my_tasks.png,/admin/housekeeping/my-tasks,captured,,main,
71_mobile_pos_dashboard.png,/pos/dashboard,captured,,main,
72_tablet_frontdesk.png,/admin/front-desk,captured,,main,
73_forbidden_403.png,/pos,captured,"Reception opening the POS: 403 Forbidden",main,
74_not_found_404.png,/admin/bookings/99999999,captured,,main,
75_session_ended.png,/pos?outlet=1,captured,"Session ended: clear message, then back to sign-in",rerun,"Timeout waiting for: location.pathname.endsWith('/login')"
76_session_return.png,/login?return=/pos?outlet=1,captured,"Sign-in page after the session ended (returns to the POS after sign-in)",rerun,
77_invalid_login.png,/login,captured,"Wrong password: generic error message",main,
78_website_home.png,/,captured,"Public website home page with the live Jaffna weather (SVG icons)",rerun,"First capture had no weather widget (a cached Open-Meteo timeout); re-captured"
79_website_booking.png,/book?arrival=2026-10-20&departure=2026-10-23&adults=2,captured,,main,
80_website_mobile.png,/,captured,"Website on a phone",rerun,"First capture had no weather widget (a cached Open-Meteo timeout); re-captured"
81_day_end_count.png,/pos/day-end?shift=36,captured,"Day-end closing: counted cash equals expected, confirmation ticked",rerun,
82_shift_closed.png,/pos/shifts,captured,"Shift closed and locked; waiting for manager review",rerun,
setup_free_t6,,done,,rerun,"JS error: Error: 422 Open a cashier shift before taking card payments."
